kata_kunci,frekuensi
cara melihat hantu,200
apple,10
application,5
apply,8
banana,10
tutorial,12
tutor,7
cara mengganti password,1000
resep masakan sederhana,850
belajar bahasa Inggris,750
tips memasak sehat,700
tutorial makeup natural,650
sepeda lipat,600
film action terbaik,550
wisata alam Indonesia,500
olahraga untuk menurunkan berat badan,450
teknologi terbaru,400
pakaian casual,380
rumah minimalis,370
bisnis online,360
game online terbaru,350
traveling murah,340
bisnis startup,330
sepatu sneakers,320
musik pop Indonesia,310
makanan sehat,300
investasi saham,290
belanja online,280
jogging pagi,270
mobil hybrid,260
film romantis,250
wisata kuliner,240
belajar coding,230
desain interior,220
karaoke terbaik,210
hobi memasak,200
fashion wanita,190
pertanian modern,180
wisata budaya,170
sejarah Indonesia,160
tips kecantikan,150
olahraga yoga,140
mobil bekas,130
destinasi liburan,120
belajar investasi,110
fotografi kreatif,100
film horor terbaru,90
bahasa pemrograman,80
gaya rambut pria,70
resep minuman segar,60
musik jazz,50
olahraga basket,40
desain logo,30
liburan pantai,20
rumah impian,10
cara,5
tutorial bahasa pemrograman golang,12
tutorial bahasa pemrograman java,5
tutorial bahasa pemrograman c++,3

